{
	"threshold": 0.8,
	"controls":
	[
		{
			"target": { "script": "hey_ganyu", "type": "func" },
			"phonemes": [ "Ag&nyR", "TAganyR", "tAganyR", "AganyU", "AganyR", "Ag&ny+", "fAgany+", "tAgany+", "TAgany+", "sAgany+", "aAgany+", "hAgany+", "TANg&ny+", "Agany+" ]
		},
		{
			"target": { "parameter": "Sapatos", "type": "bool", "value": false },
			"condition": { "script": "last_hey", "type": "func" },
			"phonemes": [ "SUz&n+", "cUzon+", "cUzon+", "SUzo+n", "SUzon+", "cUzon+" ]
		},
		{
			"target": { "parameter": "Sapatos", "type": "bool", "value": true },
			"condition": { "script": "last_hey", "type": "func" },
			"phonemes": [ "cUzo+v", "SUzo+v", "SUzo+T", "cUzo+T", "cUzo+f", "SUzo+f" ]
		},
		{
			"target": { "parameter": "MeiaCal_a", "type": "bool", "value": false },
			"condition": { "script": "last_hey", "type": "func" },
			"phonemes": [ "OUz~an", "+Uzoan", "AUzpan", "OUzpan", "OUzan", "+Uzan", "aUzan", "4Uzan", "OUz+an", "OUzvan", "+Uzvan" ]
		},
		{
			"target": { "parameter": "MeiaCal_a", "type": "bool", "value": true },
			"condition": { "script": "last_hey", "type": "func" },
			"phonemes": [ "+Uzbaf", "OUzp4T", "OUzpoT", "OUzbaT", "+Uzpaf", "OUzpaf", "hO+Uzpaf", "+UzpaT", "OUzpaT" ]
		},
		{
			"target": { "parameter": "RoupaBranca", "type": "bool", "value": false },
			"condition": { "script": "last_hey", "type": "func" },
			"phonemes": [ "Egemnso+", "ygemnso+", "gemnso+n", "ngemnson", "Egemnson", "ygemnson", "bemnso+", "gemnso+", "nemnso+", "gemnson", "demnson" ]
		},
		{
			"target": { "parameter": "RoupaBranca", "type": "bool", "value": true },
			"condition": { "script": "last_hey", "type": "func" },
			"phonemes": [ "gRmnso+T", "gRmnso+f", "ngemnsof", "gRmns4f", "gRmnsoT", "gRmnsof", "gemns4+T", "gemnso+T", "gemns4T", "gemnso+f", "demnso+f", "gemnsoT", "gemnsof" ]
		},
		{
			"target": { "parameter": "RoupasInt", "type": "int32", "value": 0 },
			"condition": { "script": "last_hey", "type": "func" },
			"phonemes": [ "sAEZO+", "tAEZO+", "zEZO+", "sAZO+", "zAZO+" ]
		},
		{
			"target": { "parameter": "RoupasInt", "type": "int32", "value": 1 },
			"condition": { "script": "last_hey", "type": "func" },
			"phonemes": [ "REzibA", "mEzibA", "NEzibA", "REzibE", "NEzibE", "nEzibE", "mEzibE", "REzipA" ]
		},
		{
			"target": { "parameter": "RoupasInt", "type": "int32", "value": 2 },
			"condition": { "script": "last_hey", "type": "func" },
			"phonemes": [ "fuvUsiZekOpO", "fuZ~siZekOpO", "kufuvsAZekOtO", "kuf~seZekOpO", "kuZuseZekOpO", "fuf~seZekOtO", "kutuvseZekOtO" ]
		},
		{
			"target": { "parameter": "RoupasInt", "type": "int32", "value": 3 },
			"condition": { "script": "last_hey", "type": "func" },
			"phonemes": [ "furOsAZefUw+", "kufOsAZefUwU", "ku4OsAZefUgU", "kUu+sAzefupw+", "fuZOsAZefupU", "fUv~vsAZefUkwO", "fugOsAzefUpw+" ]
		},
		{
			"target": { "parameter": "RoupasInt", "type": "int32", "value": 4 },
			"condition": { "script": "last_hey", "type": "func" },
			"phonemes": [ "kuOSEtegE", "kur&SEtegE", "kurOSEtekE", "kurOSipegE", "kurOSEtedE", "kuroSEtegE", "kurOSEtegE" ]
		},
		{
			"target": { "parameter": "RoupasInt", "type": "int32", "value": 5 },
			"condition": { "script": "last_hey", "type": "func" },
			"phonemes": [ "&0AsAZekOtv", "&0EsAdekOt+", "&0EseZekOt+", "&0EseZekOpO", "&0EseZ~kOpO", "&0AsAZekOtO", "&0EsAZekOpOt" ]
		},
		{
			"target": { "parameter": "RoupasInt", "type": "int32", "value": 6 },
			"condition": { "script": "last_hey", "type": "func" },
			"phonemes": [ "&rEsAZefUkwO", "&0EsAhefUkwU", "&0EsAtefUkwv", "&wEsAZefUpw+", "&0EsAZefUkwO", "&0AsAZefUkwv", "&0EsAZefUkw+" ]
		},
		{
			"target": { "parameter": "RoupasInt", "type": "int32", "value": 7 },
			"condition": { "script": "last_hey", "type": "func" },
			"phonemes": [ "&0ESitevE", "&0ASitegE", "&0ESitedE", "&0ASEtegE", "&0ESEtedE", "&0ESitegE", "&0ESEtegE" ]
		},
		{
			"target": { "parameter": "Boobs", "type": "float32", "value": 1.0 },
			"condition": { "script": "last_hey", "type": "func" },
			"phonemes": [ "kOkOge+vtz", "fOkOge+vtz", "kOkOgentz", "fOkOge+cz", "fOkOge&tz", "fOkOge+tz", "fOkOgevtz", "kOkOgevtz", "TOkOgevtz" ]
		}
	]
}
